zone,hour,value
PL,33,1385.7776305999996
PL,34,1299.769630599998
PL,36,1925.6256306000014
PL,37,1221.6016306000001
PL,38,3485.8176306000005
PL,39,2231.8756306000014
PL,40,4924.4556305999995
PL,41,4869.275630599999
FR,42,1268.6696467000056
PL,42,2825.0556306000017
FR,43,1233.5936467000047
PL,43,4344.775630599999
PL,44,2001.6556306000002
PL,45,829.0056305999988
PL,56,369.52200000000084
PL,61,1326.7736306000024
PL,62,2144.1436306000014
PL,63,1283.6256306000014
PL,64,4094.525630599999
PL,65,2263.7556305999988
PL,66,2185.4256306000007
PL,67,1873.4256306000007
PL,68,2956.1556306
PL,69,53.00563059999877
PL,88,2446.7256306
PL,89,1002.8056306000017
PL,90,1422.862000000001
PL,91,1035.6256306000014
PL,92,2067.275630599999
FR,103,347.6966466999929
PL,103,1849.2756305999992
FR,104,2067.5016467000005
PL,104,352.6996305999983
PL,105,1267.6116305999985
PL,106,254.52963060000002
PL,107,12.027999999998428
PL,109,977.2176305999983
PL,110,2038.1761019536877
PL,111,2645.611630600002
PL,112,5743.4756306
FR,113,3372.5199635715016
PL,113,4527.261999999999
FR,114,7808.244963571502
PL,114,3930.025630599999
FR,115,7533.517763571503
PL,115,5340.0756305999985
FR,116,3666.5746467000045
PL,116,2801.9056306
PL,117,3281.9256306000007
PL,118,290.22563059999993
FR,119,195.93664669999816
FR,127,5624.6963635714965
FR,128,7185.570563571504
PL,136,2741.5056305999988
FR,137,5274.505563571502
PL,137,1512.4056306000002
FR,138,9161.945563571504
PL,138,3317.7256306
FR,139,8259.39364670001
PL,139,1623.1756306000007
FR,140,3691.404646700006
PL,140,2999.525630599999
PL,141,351.50563059999877
PL,142,1232.7756305999992
PL,150,3679.3820000000014
FR,151,5747.204646699996
PL,151,5130.881630599999
FR,152,8212.332646700008
PL,152,5022.535630599998
FR,153,2944.0936467000047
PL,153,2508.5816305999997
PL,154,3324.7156306000015
PL,155,3227.771630600002
PL,156,3881.5496306000005
PL,157,5110.3136306
PL,158,6098.6356306
PL,159,5196.381630599999
PL,160,8220.375630600001
FR,161,1885.4096466999963
PL,161,8192.355630600001
FR,162,5652.722646700007
PL,162,7816.805630600002
FR,163,5288.544646700007
PL,163,7658.005630599999
FR,164,866.6946466999998
PL,164,6939.875630600001
PL,165,5259.755630599999
PL,166,2348.5620000000017
PL,167,2205.3056306000017
PL,168,1145.7756305999992
PL,169,517.3056306000017
PL,170,112.35563060000095
PL,171,184.40563060000022
PL,172,465.50563059999877
PL,173,1240.0256305999992
PL,174,4346.982
FR,175,544.9826467000003
PL,175,5568.055630600002
FR,176,1533.765646699996
PL,176,5824.079630599999
PL,177,5269.4236306
PL,178,4587.377630599998
PL,179,4535.793630599999
PL,180,4682.311630600003
PL,181,5265.3336306
PL,182,4130.589630600001
PL,183,4892.203630599999
PL,184,7865.775630599999
PL,185,7979.625630600001
FR,186,2659.809646700005
PL,186,7630.7256306
FR,187,2325.3286467000053
PL,187,7468.625630600001
PL,188,4856.675630600001
PL,189,5350.882000000001
PL,190,3211.6556306
PL,191,1866.9756306
PL,192,1038.5256305999992
PL,193,485.1256306000014
PL,194,142.17563060000066
PL,195,511.362000000001
PL,196,296.2756305999992
PL,197,1044.3056306000017
PL,198,3814.6556306
PL,199,5416.8256305999985
PL,200,5790.411630599998
PL,201,5224.521630599998
PL,202,4991.307630600002
PL,203,5561.492000000002
PL,204,5401.8876306
PL,205,6146.4736305999995
PL,206,6514.057630600002
PL,207,6701.2056305999995
PL,208,5821.505630599999
PL,209,7380.355630600001
PL,210,7031.5756305999985
PL,211,6772.2056305999995
PL,212,5914.925630600001
PL,213,4216.4556305999995
PL,214,2881.7056305999995
PL,215,1728.3056306000017
PL,216,529.855630600001
PL,222,685.355630600001
PL,224,775.8876306000002
PL,225,3370.0196306000016
PL,226,3706.471630599999
PL,227,3875.775630599999
PL,228,4216.762000000002
PL,229,3919.337630600001
PL,230,2117.3216306000013
PL,231,3844.1836305999987
PL,232,4845.025630599999
PL,233,4720.555630600002
PL,234,4129.5756305999985
PL,235,2149.0056305999988
PL,236,3217.355630600001
PL,237,594.0620000000017
PL,254,995.5776305999989
PL,255,1431.203630599999
PL,256,1105.7056305999995
PL,257,3207.9756306
PL,258,1533.605630600001
PL,259,3267.2556305999988
PL,260,2484.7556305999988
PL,262,717.6756306000007
PL,269,107.0619999999999
PL,270,3395.5319999999992
PL,271,4956.7256306
PL,272,5473.823630600002
PL,273,3210.3656305999993
PL,274,4262.347630600003
PL,275,3992.4156306000023
PL,276,4604.341630600002
PL,277,5614.543630599999
PL,278,6509.66
PL,279,4828.603630599997
PL,280,7523.3256305999985
PL,281,7610.175630600001
PL,282,7284.555630600002
PL,283,7109.5756305999985
PL,284,6295.6556306
PL,285,4721.1556306
PL,286,1374.7556305999988
PL,287,1689.9556305999995
PL,288,555.6256306000014
PL,292,332.91200000000026
PL,294,3586.0556306000017
PL,295,5649.132000000001
PL,296,5119.133630599999
PL,297,3900.077630599999
PL,298,2538.8536306000005
PL,300,828.0096305999996
PL,301,1076.9936306
PL,302,2506.0216305999984
PL,303,4952.699630600002
PL,304,6912.255630599999
PL,305,5614.775630599999
PL,306,7130.4556305999995
PL,307,7017.105630600001
PL,308,6218.525630599999
PL,309,4512.9556305999995
PL,310,3403.011999999999
PL,312,495.1164152884485
PL,317,705.355630600001
PL,318,3604.1256306000014
PL,319,5095.953630599999
PL,320,4901.9556305999995
PL,321,1793.3716306000006
PL,322,1737.5976305999993
PL,323,1024.9976305999971
PL,324,1564.699630600002
PL,325,2948.7996306000005
PL,326,4336.983630599998
PL,327,6010.207999999999
PL,328,7066.4556305999995
PL,329,7324.805630600002
PL,330,7194.355630600001
PL,331,7074.775630599999
PL,332,6272.675630600001
PL,333,2798.4556305999995
PL,334,2835.275630599999
PL,335,1566.5756305999985
PL,336,379.1256306000014
PL,341,1029.982
PL,342,3506.4756306
PL,343,5060.855630600001
PL,344,4979.143630599998
PL,345,3871.3136305999997
PL,346,2781.9480000000003
PL,347,1875.1816305999982
PL,349,2229.9416306000003
PL,350,3629.5656306
PL,351,5520.4476306000015
PL,352,7326.4556305999995
PL,353,7543.2056305999995
PL,354,7184.0756305999985
PL,355,6985.875630600001
PL,356,4633.875630600001
PL,357,4757.7256306
PL,358,3047.9556305999995
PL,360,552.8756306000014
PL,366,3535.9556305999995
PL,367,4990.933630599999
PL,368,4299.003630599998
PL,369,2407.5536306000013
PL,370,445.1919999999991
PL,374,3028.515630600001
PL,375,5140.289630600002
PL,376,6909.555630600002
PL,377,7152.355630600001
FR,378,550.1401635715065
PL,378,6763.2056305999995
PL,379,5188.511999999999
PL,380,5666.4056306
PL,381,4020.4556305999995
PL,382,2523.3256305999985
PL,384,268.47563059999993
PL,391,1233.2316306000012
PL,392,2011.2459999999992
PL,393,1275.6176305999998
PL,395,704.2416305999996
PL,398,2366.591630599998
PL,399,3350.395630599998
PL,400,4632.925630600001
PL,401,3021.8756306000014
PL,402,4473.525630599999
PL,403,4214.7056305999995
PL,404,1802.7056305999995
PL,405,517.7256305999999
PL,406,1141.3756306000014
PL,407,335.0119999999988
PL,424,2826.0319999999992
PL,425,1227.8256305999985
PL,426,1351.9556305999995
PL,427,1351.105630600001
PL,428,2415.025630599999
PL,429,1612.4256306000007
PL,438,1062.8256305999985
FR,439,2554.004363571499
PL,439,4690.633630599999
FR,440,5444.049063571501
PL,440,4860.1556306
FR,441,1142.3593635714951
PL,441,2031.9876305999987
PL,442,2112.0896306000013
PL,443,1189.855630600001
PL,445,2371.557630600002
PL,446,4372.897630599999
PL,447,6029.535630599998
FR,448,6140.062176404879
PL,448,7190.6556306
FR,449,7187.233646700006
PL,449,7345.855630600001
BE,450,36.20081687150059
FR,450,11716.125646699998
PL,450,5313.425630600001
FR,451,11762.223646699997
PL,451,6862.3256305999985
FR,452,7137.484646699995
PL,452,5950.025630599999
FR,453,2129.813063571499
PL,453,4930.9619999999995
FR,454,2540.390263571495
PL,454,2980.2256306
FR,455,3186.3016635715067
PL,456,417.0256305999992
FR,462,85.44845535338868
PL,462,3582.9556305999995
FR,463,7884.328646700007
PL,463,5285.9556305999995
FR,464,9352.619646700005
PL,464,5459.425630600001
FR,465,2676.044425380426
PL,465,4697.837630600001
PL,466,3866.837630600001
PL,467,3970.1476305999986
PL,468,4360.397630600002
PL,469,5223.303630600001
PL,470,4138.409630600001
PL,471,6326.161630600001
PL,472,7262.675630600001
FR,473,6911.4426467000085
PL,473,7488.175630600001
FR,474,11916.321646699995
PL,474,7252.925630600001
FR,475,10977.784013571496
PL,475,7497.412
FR,476,5995.983098635051
PL,476,6262.305630600002
FR,477,775.3366467000069
PL,477,2873.775630599999
FR,478,5990.184646700007
PL,478,3134.9256306000007
FR,479,1212.6576467000032
PL,479,1690.7756305999992
PL,480,800.2756305999992
PL,481,126.17563060000066
PL,484,685.0119999999988
PL,485,1479.6820000000007
FR,486,1362.8136467000058
PL,486,3593.3256305999985
FR,487,7056.820646700005
PL,487,5369.9556305999995
FR,488,8931.426763571499
PL,488,5186.411630600001
FR,489,3731.571646699993
PL,489,3912.0376306000016
PL,490,2216.961630599997
PL,492,1706.1856306000027
PL,493,2969.3356306000005
PL,494,4404.0996306
PL,495,5777.675630599997
FR,496,1206.7820901698972
PL,496,7062.4556305999995
FR,497,7808.759646700004
PL,497,7273.875630600001
FR,498,11597.634563571508
PL,498,6947.125630600001
FR,499,11939.817646700008
PL,499,7181.682000000001
FR,500,7184.942563571507
PL,500,6108.055630600002
FR,501,2214.0901635714945
PL,501,2841.275630599999
FR,502,2305.2307635715006
PL,502,3005.4056306
FR,503,1567.7386466999942
PL,503,1570.1756306000007
PL,504,599.5056305999988
PL,509,742.8056306000017
FR,510,2163.5356467
PL,510,3546.9556305999995
FR,511,14602.958260089665
PL,511,5113.883630599999
FR,512,10158.5200635715
PL,512,5073.897630600002
FR,513,3156.443646699996
PL,513,3893.3496305999997
PL,514,2298.4956306000004
PL,516,1708.6316306000026
PL,517,3021.4196305999994
PL,518,4645.643630600001
PL,519,6123.5136306
PL,520,7276.4756306
FR,521,7734.005646700003
PL,521,7582.9756306
FR,522,13249.6716467
PL,522,7171.8256305999985
FR,523,13367.1296467
PL,523,7405.2119999999995
FR,524,8952.681063571505
PL,524,6284.7256306
FR,525,4126.593363571497
PL,525,2907.8756306000014
FR,526,8998.206635299119
PL,526,3223.355630600001
FR,527,4836.8913635715035
PL,527,1763.4756306
FR,528,965.8916466999999
PL,528,772.5056305999988
PL,533,846.2256305999999
FR,534,5553.941963571504
PL,534,3637.855630600001
FR,535,12294.1866467
PL,535,5247.8256305999985
FR,536,12917.24964670001
PL,536,5313.131630600003
FR,537,1759.1826466999973
PL,537,4553.283630600001
PL,538,1843.597630600003
PL,539,3244.4036306
PL,540,3286.3336306
PL,541,4211.2456306
PL,542,5273.0996306
PL,543,6124.305630599998
PL,544,7175.275630599999
FR,545,7337.313863571506
PL,545,7995.732
FR,546,12705.9562635715
PL,546,5488.7256306
FR,547,11756.639646700009
PL,547,6856.4556305999995
FR,548,7653.4706467
PL,548,6024.605630600001
FR,549,3729.9246466999957
PL,549,4374.775630599999
FR,550,3954.0966467000017
PL,550,1290.5056305999988
FR,551,4259.886646699997
PL,551,1735.5256305999992
FR,552,851.4776466999956
PL,559,1591.6336305999994
PL,560,2140.5279999999984
PL,566,1378.2896305999984
PL,567,3185.007630599999
PL,568,4442.8256305999985
PL,569,4946.605630600001
FR,570,1682.0026467000043
PL,570,4742.9556305999995
FR,571,7794.795646699997
PL,571,2780.605630600001
PL,572,3772.2556305999988
PL,573,2939.862000000001
FR,575,1131.3336466999954
PL,575,529.6820000000007
PL,587,173.391999999998
PL,590,821.193630599997
PL,591,1210.6156305999993
PL,592,2381.9556305999995
PL,593,3269.525630599999
FR,594,284.2916466999941
PL,594,1709.2256306
FR,595,7728.035646700002
PL,595,3411.855630600001
FR,596,449.39964670000154
PL,596,1063.4056306000002
PL,597,240.65563060000022
PL,598,1041.355630600001
PL,606,3128.525630599999
FR,607,3826.259646700002
PL,607,4733.731630600001
FR,608,3768.7346466999934
PL,608,3084.863630599999
PL,609,3344.7256306
PL,610,1581.381630599999
PL,611,916.909630600001
PL,613,2366.3216305999977
PL,614,4071.309630599999
PL,615,5603.8876306
PL,616,6794.275630599999
FR,617,2693.1196467000027
PL,617,7431.9556305999995
FR,618,6728.602646699997
PL,618,7611.511999999999
FR,619,6414.380646700003
PL,619,7065.555630600002
FR,620,5746.027965072007
PL,620,4457.9756306
PL,621,4577.3256305999985
PL,622,3039.1256306000014
PL,623,1670.355630600001
PL,624,693.5556306000017
PL,625,250.05563060000168
PL,628,681.7619999999988
PL,630,3592.1556306
FR,631,3711.5806466999984
PL,631,4940.5296306
FR,632,2477.2776466999985
PL,632,4313.6876305999995
FR,633,709.068646699996
PL,633,2779.609630599998
PL,634,1753.3336306
PL,635,1477.8136306000033
PL,636,1966.9876305999987
PL,637,3382.613630599999
PL,638,4836.819630600001
PL,639,6148.913630600002
PL,640,7064.555630600002
FR,641,3413.3558392796035
PL,641,7662.875630600001
FR,642,7985.973763571508
PL,642,7313.505630599999
FR,643,7406.079763571508
PL,643,7084.555630600002
FR,644,2406.2976467000026
PL,644,5136.9619999999995
PL,645,4719.255630599999
PL,646,3207.0556306000017
PL,647,1782.0256305999992
PL,648,806.5756305999985
PL,649,284.0556306000017
PL,652,221.90563060000022
PL,653,1001.2056305999995
PL,654,3638.025630599999
FR,655,2904.7526467000043
PL,655,5136.481630600001
FR,656,3116.2586466999983
PL,656,5039.579630600003
PL,657,3915.9216306
PL,658,2366.4196305999994
PL,659,2099.5856306000005
PL,660,629.399630599999
PL,661,3333.3576305999977
PL,662,2656.3336306
PL,663,5623.793630599999
PL,664,6801.775630599999
FR,665,36.411646700003985
PL,665,7411.255630599999
FR,666,5150.919646700007
PL,666,7166.275630599999
FR,667,5237.208646699997
PL,667,6996.525630599999
FR,668,1378.1336466999983
PL,668,6321.8256305999985
PL,669,4581.855630600001
PL,670,3469.8120000000017
PL,671,18.805630600001678
PL,672,634.8256305999985
PL,673,105.00563059999877
PL,676,357.5620000000017
PL,677,1144.4619999999995
PL,678,3343.855630600001
FR,679,1710.612646700005
PL,679,4740.557630600002
FR,680,2807.237646700005
PL,680,4447.807630600002
FR,681,6865.547646700004
PL,681,3480.337630600001
PL,682,2521.1756306000007
PL,683,1898.8536306000005
PL,684,1557.4976305999971
PL,685,2219.0556306000017
PL,686,3235.649630599999
PL,687,4929.363630600003
PL,688,6432.4756306
FR,689,1259.4646467000039
PL,689,7228.305630600002
FR,690,5270.2246467
PL,690,7063.305630600002
FR,691,4817.340646699995
PL,691,6840.125630600001
FR,692,301.5146467000068
PL,692,6538.812000000002
PL,693,2779.7256306
PL,694,3034.275630599999
PL,695,1538.7056305999995
PL,696,646.7556305999988
PL,697,62.75563059999877
PL,698,189.26200000000063
PL,701,1243.862000000001
PL,702,3398.8056306000017
FR,703,3798.1084635715015
PL,703,4602.9376305999995
FR,704,4721.987763571502
PL,704,4570.765630599997
PL,705,3663.055630599998
PL,706,2814.3156306
PL,707,2388.9876305999987
PL,708,2555.3036306000013
PL,709,1647.5676306000005
PL,710,4772.883630599999
PL,711,5790.7796306
PL,712,6736.2056305999995
FR,713,5750.069646700002
PL,713,7365.055630600002
FR,714,5820.683646700003
PL,714,7046.2056305999995
FR,715,5994.199646700006
PL,715,6641.4056306
FR,716,2292.0976467000055
PL,716,4190.605630600001
PL,717,4701.062000000002
PL,718,2944.105630600001
PL,721,295.3120000000017
PL,726,611.5056305999988
PL,727,1108.703630599999
PL,728,1806.909630600001
PL,730,970.8156306000001
PL,731,354.5316306000004
PL,733,33.042324809425054
PL,734,1522.8899999999994
PL,735,2385.069630600001
PL,736,3660.3756306000014
PL,737,2911.5056305999988
PL,738,4473.875630600001
FR,739,47.17564669999956
PL,739,2454.775630599999
PL,740,1802.8256305999985
PL,741,570.2756305999992
PL,742,1088.2056305999995
PL,761,3393.2819999999992
PL,762,1485.3256305999985
FR,763,5866.616646700008
PL,763,1307.6256306000014
PL,764,821.9756305999999
PL,765,1522.1256306000014
FR,774,1082.4066466999993
PL,774,2827.0556306000017
FR,775,8141.130646700003
PL,775,2563.305630599998
FR,776,7443.397646699996
PL,776,3520.5576305999984
PL,782,3134.2556305999988
PL,783,4811.3536306000005
PL,784,6070.9056306
FR,785,5169.6042635715
PL,785,5425.9056306
FR,786,12112.903646700004
PL,786,6875.7056305999995
FR,787,13165.551646700005
PL,787,6868.275630599999
FR,788,9222.047363571506
PL,788,6041.4556305999995
FR,789,3993.0509635715025
PL,789,2873.9756306
FR,790,4355.522563571505
PL,790,3061.6556306
FR,791,4919.892963571494
PL,791,1614.0256305999992
FR,792,1276.7596467000021
PL,796,117.55563060000168
PL,797,1394.6820000000007
FR,798,5472.824768354071
PL,798,3561.525630599999
FR,799,11384.057363571505
PL,799,4739.935630599999
FR,800,12028.7246467
PL,800,4197.6916306
FR,801,4838.9976467000015
PL,801,2627.017630600001
PL,803,735.0900000000001
PL,804,795.8576306000014
PL,805,2386.333999999999
PL,806,3537.6516305999994
PL,807,4983.387630599997
FR,808,580.6916467000028
PL,808,6289.7256306
FR,809,7438.600763571501
PL,809,7416.7056305999995
FR,810,12597.268063571499
PL,810,7242.605630600001
FR,811,13628.654461199589
PL,811,7053.7056305999995
FR,812,8107.28764670001
PL,812,4584.5756305999985
FR,813,3697.890646699996
PL,813,4686.505630599999
FR,814,3441.683646700001
PL,814,1510.4756306
FR,815,3921.1786466999965
PL,815,1821.5056305999988
FR,816,6633.403646700004
FR,817,103.19364669999595
PL,817,132.2056305999995
PL,820,267.9556305999995
PL,821,1052.3256305999985
FR,822,3619.184646700005
PL,822,3752.6556306
FR,823,9624.338863571498
PL,823,4943.8136306
FR,824,8643.533563571496
PL,824,4531.791630599999
PL,825,2945.2256306
PL,826,1556.4436306000007
PL,828,1903.169630600003
PL,829,2938.9376305999995
PL,830,4012.4016305999994
PL,831,5193.481630600001
PL,832,6509.175630600001
FR,833,6480.595201662292
PL,833,7510.2256306
FR,834,12537.814863571499
PL,834,7372.125630600001
FR,835,20179.2999135715
PL,835,5394.005630599999
FR,836,9771.28917497197
PL,836,6317.855630600001
FR,837,4422.416646699996
PL,837,4747.755630599999
FR,838,5260.776863571509
PL,838,3279.2556305999988
FR,839,4974.889646700009
PL,839,2227.9320000000007
FR,840,3291.5190635715026
FR,841,1725.446646699993
PL,841,193.3756306000014
FR,842,909.2931635715049
PL,842,407.6820000000007
PL,844,339.7056305999995
PL,845,1232.0256305999992
FR,846,6250.37866357151
PL,846,3874.1256306000014
FR,847,11417.0503635715
PL,847,4909.873630600001
FR,848,8863.76666357151
PL,848,4007.133630600003
PL,854,2128.9296306000015
PL,855,4814.7436306
PL,856,6660.4056306
FR,857,7520.313646700008
PL,857,7633.7256306
FR,858,13735.404646700008
PL,858,5746.925630600001
FR,859,14419.694646700002
PL,859,7250.925630600001
FR,860,10215.535646700002
PL,860,6431.0756305999985
FR,861,5850.642646700006
PL,861,5330.862000000001
FR,862,11158.265646699998
PL,862,3380.1756306000007
FR,863,6413.555646700006
PL,863,160.2756305999992
FR,864,3744.1956467000036
PL,864,1237.112000000001
FR,865,3118.5506466999996
PL,865,299.47563059999993
FR,866,2169.967646700001
PL,866,83.37563060000139
PL,867,483.78199999999924
PL,868,373.42563060000066
FR,869,593.4736466999948
PL,869,1187.3256305999985
FR,870,6608.68164670001
PL,870,3769.105630600001
FR,871,13241.246646699998
PL,871,4662.017630600001
FR,872,16752.20064670001
PL,872,947.1816306000019
FR,873,1324.0256466999908
PL,878,870.3616305999985
PL,879,4155.443630600001
PL,880,6297.933630599999
FR,881,7650.8026466999945
PL,881,5858.8256305999985
FR,882,14230.101646700008
PL,882,7365.7256306
FR,883,15116.68164670001
PL,883,5357.9056306
FR,884,11209.695646700005
PL,884,4476.875630600001
FR,885,7208.41264670001
PL,885,4635.5756305999985
FR,886,7710.831646700004
PL,886,1439.8056306000017
FR,887,8308.857646700002
PL,887,225.07563059999848
FR,888,5120.600646700004
PL,888,906.3056306000017
FR,889,2588.4566467000022
PL,889,238.35563060000095
FR,890,1031.4516466999976
PL,891,224.03199999999924
PL,894,915.7756305999992
FR,895,1058.1546467000062
PL,895,1145.3956305999982
PL,902,286.7016305999987
PL,903,1913.3936306000014
PL,904,1823.733630599998
PL,905,3025.6756306000007
FR,906,2919.6486466999977
PL,906,2985.3256305999985
FR,907,4913.9686467000065
PL,907,2668.355630600001
FR,908,2257.246646699996
PL,908,2044.105630600001
PL,909,647.6256306000014
FR,910,846.4566467000022
FR,911,2338.915646700005
FR,912,201.03964670000096
PL,928,1396.6536305999998
PL,929,1895.7619999999988
PL,930,3496.8056306000017
FR,931,1686.2966466999987
PL,931,1736.9556305999995
FR,932,316.77264669999386
PL,932,1108.2256306
PL,933,132.7756305999992
PL,934,859.7556305999988
FR,935,503.7596467000021
PL,941,120.37563060000139
FR,942,3495.7966466999987
PL,942,2943.355630600001
FR,943,8388.066646700005
PL,943,2687.645630599998
FR,944,2275.2838635715034
PL,944,5221.427630599997
PL,945,5246.571630599998
PL,946,4769.1876305999995
PL,947,2735.431630600002
PL,948,4354.4036306
PL,949,4693.2236305999995
PL,950,5028.355630600001
PL,951,5579.037630599998
PL,952,4571.4056306
PL,953,7330.8256305999985
FR,954,8263.978163571506
PL,954,7206.605630600001
FR,955,10990.384646700004
PL,955,6895.4756306
FR,956,6565.590163571505
PL,956,6060.4056306
FR,957,732.1046467000033
PL,957,2905.275630599999
FR,958,2148.319363571507
PL,958,3023.4256306000007
FR,959,2083.885646700006
PL,959,1680.3056306000017
FR,960,5272.626646700002
PL,961,286.78199999999924
PL,964,93.35563060000095
FR,966,2573.556646700008
PL,966,3376.9256306000007
FR,967,8061.657602130538
PL,967,4502.589630600001
FR,968,2130.859763571494
PL,968,4400.949630599998
PL,969,3443.1416305999974
PL,970,2458.9916305999996
PL,972,1169.5616305999993
PL,973,1738.5316306000004
PL,974,3236.2556305999988
PL,975,4897.417630599999
PL,976,5971.275630599999
PL,977,7125.7056305999995
FR,978,7062.0006466999985
PL,978,7450.932000000001
FR,979,9187.784646699998
PL,979,5180.375630600001
FR,980,3742.6090635715063
PL,980,6132.805630600002
PL,981,4535.855630600001
FR,982,811.9933534221889
PL,982,3008.605630600001
FR,983,707.8986466999977
PL,983,1434.1256306000014
PL,984,947.3319999999985
PL,988,78.17563060000066
FR,990,2972.970646699998
PL,990,3392.0056305999988
FR,991,8229.004763571505
PL,991,4485.803630600001
FR,992,251.22864669999944
PL,992,2296.3536306000005
PL,993,2623.931630600002
PL,994,994.4916305999996
PL,995,64.54163059999883
PL,997,283.88563059999615
PL,998,1720.9436306000007
PL,999,4263.703630599999
PL,1000,6186.539630599998
PL,1001,5511.0756305999985
FR,1002,5284.173646700006
PL,1002,7162.755630599999
FR,1003,7921.587463571503
PL,1003,6963.775630599999
FR,1004,4597.242646699995
PL,1004,6046.2256306
PL,1005,4502.0756305999985
FR,1006,832.6280635715029
PL,1006,1275.2756305999992
FR,1007,906.1168535770958
PL,1007,468.4878192053827
PL,1013,738.855630600001
FR,1014,1286.1808635714933
PL,1014,3119.6256306000014
FR,1015,7071.119663571506
PL,1015,3696.769630599998
PL,1016,428.89163059999737
PL,1023,2584.7016306000023
PL,1024,5692.564000000002
PL,1025,5080.775630599999
FR,1026,3483.520963571493
PL,1026,6918.775630599999
FR,1027,5670.056963571507
PL,1027,6759.255630599999
FR,1028,844.4368635715018
PL,1028,4364.425630600001
PL,1029,4439.275630599999
PL,1030,1106.6756306000007
PL,1036,440.0819999999985
PL,1037,861.7256305999999
PL,1038,3338.275630599999
FR,1039,2145.9826467000003
PL,1039,1880.6656305999986
PL,1040,1449.3816306000026
PL,1048,2975.1116305999985
PL,1049,6638.425630600001
PL,1050,5091.525630599999
PL,1051,4773.425630600001
PL,1052,4006.6256306000014
PL,1053,2311.2556305999988
PL,1054,906.7556305999988
PL,1055,1297.9756306
PL,1057,47.262000000000626
PL,1061,53.11199999999917
PL,1072,301.9616306000007
PL,1073,2244.2056305999995
PL,1074,2472.355630600001
PL,1075,2195.355630600001
PL,1076,1456.3756306000014
PL,1077,256.25563059999877
PL,1097,852.8256305999985
PL,1098,1308.8756306000014
PL,1099,1365.3756306000014
PL,1100,762.6556306000002
PL,1110,2435.1116985044205
PL,1111,846.8176305999968
PL,1120,5177.863630599999
PL,1121,5290.305630600002
FR,1122,3310.1915635715013
PL,1122,7203.355630600001
FR,1123,5392.546646700001
PL,1123,5290.675630600001
FR,1124,743.2476466999997
PL,1124,6313.9756306
PL,1125,3028.275630599999
PL,1126,3344.4556305999995
PL,1127,289.10563060000095
PL,1128,919.5056305999988
PL,1130,89.92563060000066
PL,1131,160.07563059999848
PL,1133,1343.2756305999992
PL,1134,1826.4616306000007
PL,1144,4606.2996306000005
PL,1145,6682.9056306
FR,1146,1761.6735635715017
PL,1146,5375.555630600002
FR,1147,4155.146863571501
PL,1147,6951.875630600001
PL,1148,6212.425630600001
PL,1149,2852.0056305999988
PL,1150,3205.7556305999988
PL,1151,1623.4556305999995
PL,1153,100.35563060000095
PL,1156,257.2056305999995
PL,1157,1078.5556306000017
PL,1158,3261.1616306000014
FR,1159,2105.112646700005
PL,1159,3344.5676306000005
PL,1160,632.0996305999997
PL,1167,3035.8676305999998
PL,1168,5299.5856306000005
PL,1169,6669.355630600001
FR,1170,1656.8496466999986
PL,1170,5551.5819999999985
FR,1171,5002.885646700008
PL,1171,5190.4556305999995
FR,1172,1546.1986467000006
PL,1172,6044.255630599999
PL,1173,4484.5756305999985
PL,1174,3013.775630599999
PL,1175,21.42563060000066
PL,1176,691.4056306000002
PL,1177,113.9556305999995
PL,1180,595.3120000000017
PL,1181,1078.7756305999992
PL,1182,3226.3256305999985
FR,1183,2874.2666467
PL,1183,4413.273630599999
PL,1184,4291.517630600001
PL,1185,1551.8776306000018
PL,1186,2138.7256306
PL,1187,1537.8876306000002
PL,1188,857.5980658208812
PL,1189,2197.1676306000027
PL,1190,2813.4336306000023
PL,1191,3816.0476306
PL,1192,3588.5136306000004
PL,1193,6722.805630600002
PL,1194,6985.355630600001
FR,1195,1739.2086466999954
PL,1195,6851.605630600001
PL,1196,4511.755630599999
PL,1197,4523.9756306
PL,1198,3090.1256306000014
PL,1201,43.705630599999495
PL,1204,62.17563060000066
PL,1205,825.8056306000017
PL,1206,1204.8836305999994
PL,1207,1632.7020000000011
PL,1215,209.27363060000243
PL,1216,3918.145630600002
PL,1217,4378.855630600001
PL,1218,6574.625630600001
FR,1219,563.3065635715029
PL,1219,4732.605630600001
PL,1220,3996.9256306000007
PL,1221,2288.4756306
PL,1222,872.7556305999988
PL,1241,2433.697171312542
PL,1242,2398.0056305999988
PL,1243,2183.1256306000014
PL,1244,1504.8056306000017
PL,1245,118.72563059999993
PL,1265,76.75563059999877
PL,1266,824.5056305999988
PL,1267,851.8056306000017
PL,1268,249.1256306000014
PL,1278,417.8836305999994
PL,1279,1320.3576306000014
PL,1280,662.5900000000001
PL,1286,52.083630600000106
PL,1287,2435.159630600001
PL,1288,2782.8556305999973
PL,1289,6027.525630599999
PL,1290,4827.4756306
FR,1291,1947.4936466999989
PL,1291,6303.105630600001
PL,1292,3757.5756305999985
PL,1293,3815.0556306000017
PL,1294,682.9056306000002
PL,1295,975.5756305999985
PL,1296,462.71199999999953
PL,1302,2740.525630599999
PL,1303,1744.1076306000014
PL,1304,2630.6696305999994
PL,1305,303.11163059999853
PL,1311,1343.6856306000027
PL,1312,4750.319630600001
PL,1313,6242.375630600001
PL,1314,5076.755630599999
FR,1315,2943.2666467
PL,1315,6606.255630599999
PL,1316,5733.925630600001
PL,1317,2293.2056305999995
PL,1318,2595.5056305999988
PL,1319,1262.7256306
PL,1320,192.80563060000168
PL,1326,2904.3056306000017
PL,1327,3878.8056306000017
PL,1328,1899.121630599997
PL,1329,1778.6796305999978
PL,1334,2345.6036306000005
PL,1335,3925.8056306000017
PL,1336,5172.579630599999
PL,1337,4686.055630600002
PL,1338,6883.8256305999985
FR,1339,1818.411563571503
PL,1339,6700.025630599999
PL,1340,5972.9056306
PL,1341,2588.1256306000014
PL,1342,2722.9256306000007
PL,1344,371.5756305999985
PL,1350,2723.6556306
PL,1351,3422.767630600001
PL,1352,1000.8816306000026
PL,1353,866.5856306000005
PL,1358,1260.5176306000012
PL,1359,3066.2496305999975
PL,1360,3206.7076306
PL,1361,6242.6556306
PL,1362,6612.0756305999985
FR,1363,21.997646699999677
PL,1363,4802.9556305999995
PL,1364,6086.132000000001
PL,1365,4078.5056305999988
PL,1366,1303.9619999999995
PL,1367,1217.6556306000002
PL,1368,232.42563060000066
PL,1374,2515.6536306
PL,1375,1701.7836306000008
PL,1376,2641.961630599997
PL,1381,357.7059999999983
PL,1382,1527.7136306000011
PL,1383,1419.5796305999993
PL,1384,3565.537117428368
PL,1385,4132.2256306
PL,1386,4729.9556305999995
FR,1387,901.0961635714975
PL,1387,4507.4056306
PL,1388,5430.8256305999985
PL,1389,2111.025630599999
PL,1390,627.5256305999992
PL,1408,253.83763060000092
PL,1409,1597.4256306000007
PL,1410,2118.6556306
PL,1411,1877.355630600001
PL,1412,1408.9556305999995
PL,1413,159.65563060000022
PL,1434,840.1756306000007
PL,1435,963.7756305999992
PL,1436,227.55838364286433
PL,1446,1360.132935283781
PL,1447,1182.8876305999966
PL,1448,2481.6656305999986
PL,1453,1237.985630600002
PL,1454,607.5436305999992
PL,1455,1562.381630599999
PL,1456,4249.5656306
PL,1457,5707.2056305999995
PL,1458,4876.675630600001
PL,1459,6405.3256305999985
PL,1460,5653.005630599999
PL,1461,2388.9256306000007
PL,1462,2527.2256306
PL,1463,1142.7756305999992
PL,1464,270.10563060000095
PL,1470,2361.091630599998
PL,1471,854.115630600003
PL,1472,1556.855630600001
PL,1478,930.8556305999973
PL,1479,2321.7536305999984
PL,1480,2361.6996305999983
PL,1481,5677.4556305999995
PL,1482,6716.125630600001
PL,1483,5012.355630600001
PL,1484,4473.862000000001
PL,1485,4250.425630600001
PL,1486,2798.0556306000017
PL,1488,205.0256305999992
PL,1494,2426.301630600001
PL,1495,3403.5196306000016
PL,1496,2969.8356306000005
PL,1497,1676.7756306000028
PL,1499,212.79363059999923
PL,1500,121.11963060000016
PL,1501,400.8856306000034
PL,1502,973.0656306000001
PL,1503,2463.2956305999996
PL,1504,4174.771630600002
PL,1505,4130.355630600001
PL,1506,6689.755630599999
PL,1507,6653.1556306
PL,1508,5917.2056305999995
PL,1509,2629.355630600001
PL,1510,2884.7556305999988
PL,1513,369.6320000000014
PL,1517,674.8256305999985
PL,1518,2630.549630599997
PL,1519,1152.1716305999998
PL,1520,1597.2256306
PL,1527,1826.6756306000007
PL,1528,2506.145630599998
PL,1529,5982.355630600001
PL,1530,6912.7056305999995
PL,1531,5066.775630599999
PL,1532,6184.425630600001
PL,1533,2763.6256306000014
PL,1534,1191.5756305999985
PL,1535,1452.2056305999995
PL,1537,25.655630600000222
PL,1540,141.4556305999995
PL,1541,848.4256306000007
PL,1542,805.3696306000002
PL,1543,633.0276305999996
PL,1551,312.123630600001
PL,1552,2476.677630600001
PL,1553,5719.425630600001
PL,1554,4916.2256306
PL,1555,5134.852885621528
PL,1556,4055.0556306000017
PL,1557,2412.2556305999988
PL,1558,953.8756306000014
PL,1560,131.99178802671315
PL,1577,984.7256305999999
PL,1578,2171.855630600001
PL,1579,1837.9256306000007
PL,1580,1096.1256306000014
PL,1602,556.6556306000002
PL,1603,647.105630600001
PL,1624,487.3556305999973
PL,1625,3033.853630599997
PL,1626,4559.4556305999995
PL,1627,4548.305630600002
PL,1628,3747.5556306000017
PL,1629,2134.4756306
PL,1630,2240.2056305999995
PL,1638,1506.226189446445
PL,1648,801.6176305999998
PL,1649,3063.1536306
PL,1650,6295.4556305999995
PL,1651,4700.805630600002
PL,1652,5466.005630599999
PL,1653,2226.1556306
PL,1654,505.2756305999992
PL,1662,1973.5836306
PL,1663,1085.271630600002
PL,1664,2162.2596305999996
PL,1671,2595.7276306000003
PL,1672,2395.7076306
PL,1673,5504.855630600001
PL,1674,4952.355630600001
PL,1675,6675.8256305999985
PL,1676,4139.055630600002
PL,1677,4216.175630600001
PL,1678,865.3056306000017
PL,1679,1098.5756305999985
PL,1686,462.5576306000021
PL,1687,1305.2556305999988
PL,1688,1866.4656306000015
PL,1696,3407.8456306000026
PL,1697,3519.131630599999
PL,1698,6557.1556306
PL,1699,4858.275630599999
PL,1700,5784.305630600002
PL,1701,2431.605630600001
PL,1702,2482.5756305999985
PL,1710,464.47763060000034
PL,1711,2742.7556305999988
PL,1712,259.66763059999903
PL,1715,1066.0536306000013
PL,1716,1810.0156305999972
PL,1717,2894.6876305999995
PL,1718,1881.069630600001
PL,1719,4250.341630599998
PL,1720,4792.395630599998
PL,1721,3747.5556306000017
PL,1722,6418.4056306
PL,1723,4597.305630600002
PL,1724,3722.025630599999
PL,1725,2191.9256306000007
PL,1726,924.6448489903773
PL,1744,35.60563060000095
PL,1745,1145.605630600001
PL,1746,2151.0756305999985
PL,1747,1986.9756306
PL,1748,1328.5556306000017
PL,1749,106.35563060000095
PL,1770,581.9256306000007
PL,1771,891.8056306000017
PL,1772,108.2056305999995
PL,1793,2553.5456305999996
PL,1794,4254.555630600002
PL,1795,4495.9556305999995
PL,1796,3763.5056305999988
PL,1797,2062.1256306000014
PL,1798,528.5556306000017
PL,1817,2151.8636306000026
PL,1818,4229.055630600002
PL,1819,4449.925630600001
PL,1820,3582.9556305999995
PL,1821,2109.5756305999985
PL,1822,599.0756305999985
PL,1841,1984.425630599997
PL,1842,4178.7056305999995
PL,1843,4492.625630600001
PL,1844,3731.855630600001
PL,1845,1894.355630600001
PL,1846,437.8256305999985
PL,1865,2309.8896306000006
PL,1866,4314.4556305999995
PL,1867,4511.5756305999985
PL,1868,3784.0556306000017
PL,1869,2092.7256306
PL,1870,535.5256305999992
PL,1889,2109.4776306000003
PL,1890,4122.255630599999
PL,1891,4251.855630600001
PL,1892,3422.605630600001
PL,1893,1712.4056306000002
PL,1894,194.67563060000066
PL,1914,1499.2256306
PL,1915,1754.8256305999985
PL,1916,892.9056306000002
PL,1938,435.0756305999985
PL,1939,1035.9556305999995
PL,1940,414.0756305999985
PL,1961,1485.7536305999984
PL,1962,3854.1256306000014
PL,1963,4381.4056306
PL,1964,3801.6756306000007
PL,1965,2034.5756305999985
PL,1966,464.75563059999877
PL,1985,1901.9676305999983
PL,1986,4062.2256306
PL,1987,4561.805630600002
PL,1988,3768.3756306000014
PL,1989,2047.2056305999995
PL,1990,314.17563060000066
PL,2009,1697.8896306000006
PL,2010,3585.5056305999988
PL,2011,4186.9756306
PL,2012,5116.925630600001
PL,2013,1734.2056305999995
PL,2014,9.875630600001386
PL,2015,477.8056306000017
PL,2023,395.6396306000006
PL,2032,1328.1936306000007
PL,2033,2585.1156305999993
PL,2034,5783.5756305999985
PL,2035,4446.005630599999
PL,2036,3639.775630599999
PL,2037,1817.9256306000007
PL,2038,169.55563060000168
PL,2055,392.79963060000046
PL,2056,1598.9436306000007
PL,2057,2627.8236306000017
PL,2058,3864.6756306000007
PL,2059,4778.266217926318
PL,2060,3317.0756305999985
PL,2061,1786.3056306000017
PL,2062,260.3056306000017
PL,2082,1533.5056305999988
PL,2083,2054.6756306000007
PL,2084,1152.3256305999985
PL,2106,130.7756305999992
PL,2107,291.9056306000002
PL,2118,1221.4276305999974
PL,2119,875.8976305999986
PL,2128,2460.3676305999998
PL,2129,2094.1116305999985
PL,2130,3878.025630599999
PL,2131,4119.925630600001
PL,2132,4307.6556306
PL,2133,904.0256305999992
PL,2141,373.6396306000006
PL,2142,2827.6476305999986
PL,2147,816.5576306000021
PL,2148,1390.519630599998
PL,2149,511.7576305999992
PL,2150,2666.6436306000014
PL,2151,1191.131630599999
PL,2152,3346.801630600001
PL,2153,2452.3796305999986
PL,2154,5755.775630599999
PL,2155,3940.855630600001
PL,2156,4132.255630599999
PL,2157,769.1756306000007
PL,2158,1033.105630600001
PL,2165,1819.1616306000014
PL,2166,1583.569630600001
PL,2167,3543.0796305999993
PL,2168,1335.399630599999
PL,2169,2144.3816306000026
PL,2175,1580.6116306000022
PL,2176,2823.497630600001
PL,2177,2302.6976306000015
PL,2178,5685.4756306
PL,2179,4281.105630600001
PL,2180,2756.1756306000007
PL,2181,1142.3756306000014
PL,2182,1432.2556305999988
PL,2189,279.9396305999999
PL,2190,1132.4776306000003
PL,2191,1966.945630600001
PL,2199,196.7076305999999
PL,2200,2501.369978552104
PL,2201,2503.629630600002
PL,2202,4168.855630600001
PL,2203,4521.555630600002
PL,2204,2952.2256306
PL,2205,1552.7556305999988
PL,2207,61.55882011993276
PL,2214,145.85963060000176
PL,2225,1203.0536305999976
PL,2226,2845.2556305999988
PL,2227,3489.855630600001
PL,2228,2159.0556306000017
PL,2229,670.9056306000002
PL,2321,1225.9416306000003
PL,2322,3041.5756305999985
PL,2323,3535.0056305999988
PL,2324,1838.5556306000017
PL,2325,344.3756306000014
PL,2333,185.42363060000025
PL,2334,1036.3096305999989
PL,2345,1367.2916305999988
PL,2346,3387.9556305999995
PL,2347,3921.1556306
PL,2348,2372.275630599999
PL,2349,803.5056305999988
PL,2369,296.97963060000075
PL,2370,2816.6336305999994
PL,2371,3909.1256306000014
PL,2372,2317.105630600001
PL,2373,752.0056305999988
PL,2394,2125.7816306000004
PL,2395,3147.8256305999985
PL,2396,1669.6256306000014
PL,2397,205.8756306000014
PL,2419,662.2056305999995
PL,2465,474.0316306000004
PL,2466,2408.5816305999997
PL,2467,3240.4256306000007
PL,2468,1758.9756306
PL,2469,329.5756305999985
PL,2489,1115.9676305999983
PL,2490,2679.033630599997
PL,2491,3484.7056305999995
PL,2492,1892.355630600001
PL,2493,307.22563059999993
PL,2502,261.2756305999992
PL,2514,1972.0676306000005
PL,2515,3369.4556305999995
PL,2516,2018.0256305999992
PL,2517,337.7056305999995
PL,2538,2100.3676305999998
PL,2539,3160.0056305999988
PL,2540,1764.9256306000007
PL,2541,151.92563060000066
PL,2561,328.2856305999976
PL,2562,2161.4116306000014
PL,2563,3092.7056305999995
PL,2564,1697.7756305999992
PL,2565,283.6256306000014
PL,2587,737.3756306000014
PL,2634,1849.2016305999987
PL,2635,3379.0756305999985
PL,2636,1871.355630600001
PL,2637,366.7056305999995
PL,2658,1606.539630600002
PL,2659,3221.9756306
PL,2660,1799.2056305999995
PL,2661,167.60563060000095
PL,2682,1408.4416306000003
PL,2683,3037.025630599999
PL,2684,1788.355630600001
PL,2685,199.4556305999995
PL,2706,1433.891630600001
PL,2707,2999.105630600001
PL,2708,1829.0256305999992
PL,2709,153.80563060000168
PL,2730,1318.6996305999983
PL,2731,2737.1756306000007
PL,2732,1549.6756306000007
PL,2733,84.65563060000022
PL,2755,219.6256306000014
PL,2802,1614.2456306000004
PL,2803,2864.7056305999995
PL,2804,1454.5556306000017
PL,2824,183.68763059999947
PL,2825,1237.9176306000027
PL,2826,2241.609630599998
PL,2827,2933.2256306
PL,2828,1646.4556305999995
PL,2829,58.25563059999877
PL,2850,1029.2076306
PL,2851,2779.3756306000014
PL,2852,1757.8756306000014
PL,2853,178.67563060000066
PL,2874,663.5996305999997
PL,2875,1970.6556306000002
PL,2876,992.4256306000007
PL,2970,899.0256305999992
PL,2971,2257.0756305999985
PL,2972,1376.0056305999988
PL,2994,1605.805630599998
PL,2995,2774.105630600001
PL,2996,1840.0256305999992
PL,2997,160.35563060000095
PL,3017,387.2796306
PL,3018,1784.0456305999996
PL,3019,2679.4256306000007
PL,3020,1890.8056306000017
PL,3021,108.9556305999995
PL,3042,804.6936306000007
PL,3043,2266.9056306
PL,3044,1543.7256306
PL,3066,417.14163059999737
PL,3067,1858.3256305999985
PL,3068,1309.6556306000002
PL,3138,220.98763060000238
PL,3139,1903.7256306
PL,3140,1326.4256306000007
PL,3162,976.7076305999999
PL,3163,2175.8056306000017
PL,3164,1356.8056306000017
PL,3186,428.2676306000012
PL,3187,1915.0556306000017
PL,3188,1445.4556305999995
PL,3210,551.6016306000001
PL,3211,1938.5336305999972
PL,3212,1581.9056306000002
PL,3213,99.10563060000095
PL,3235,1545.5536305999976
PL,3236,1325.5056305999988
PL,3306,239.35763060000136
PL,3307,1713.1756306000007
PL,3308,1443.0056305999988
PL,3330,942.7816306000004
PL,3331,1968.853630599997
PL,3332,1429.6556306000002
PL,3353,551.9996306000012
PL,3354,1720.9416306000003
PL,3355,2201.025630599999
PL,3356,1445.5556306000017
PL,3378,1168.5256305999992
PL,3379,1989.5036305999984
PL,3380,1570.3256305999985
PL,3381,149.57563059999848
PL,3402,400.98363060000156
PL,3403,1526.7316306000012
PL,3404,1443.0556306000017
PL,3405,134.35563060000095
PL,3474,1156.0416305999988
PL,3475,1852.6336305999994
PL,3476,1502.5556306000017
PL,3477,10.275630599999204
PL,3498,920.6396306000006
PL,3499,1722.6116306000022
PL,3500,1440.1556306000002
PL,3522,849.5476306
PL,3523,1841.3096305999989
PL,3524,1542.7256306
PL,3525,241.82563059999848
PL,3546,71.04963060000046
PL,3547,1432.8596305999981
PL,3548,1506.5256305999992
PL,3549,120.12563060000139
PL,3570,185.72763060000034
PL,3571,1200.3116305999993
PL,3572,1247.7756305999992
PL,3642,484.72963060000075
PL,3643,1518.983630599998
PL,3644,1411.0556306000017
PL,3645,35.705630599999495
PL,3666,367.05363060000127
PL,3667,1562.8876306000002
PL,3668,1631.605630600001
PL,3669,378.50563059999877
PL,3690,27.965630599997894
PL,3691,1012.4676306000019
PL,3692,1068.7556305999988
PL,3810,24.637630600000193
PL,3811,1074.6176305999998
PL,3812,978.6556306000002
PL,3834,111.44763059999786
PL,3835,1273.623630600001
PL,3836,1117.2556305999988
PL,3859,1281.9016305999994
PL,3860,1381.355630600001
PL,3861,276.9556305999995
PL,3883,1222.889630599997
PL,3884,1555.1556306000002
PL,3885,677.5656306000001
PL,3906,236.55763059999845
PL,3907,1196.445630600001
PL,3908,1275.3256305999985
PL,3909,390.9156305999986
PL,3979,782.6596305999974
PL,3980,829.6156305999993
PL,3981,20.765630600000804
PL,4003,983.0536306000013
PL,4004,1096.935630599999
PL,4005,146.42563060000066
PL,4026,42.575630599998476
PL,4027,1057.467630600002
PL,4028,1151.6656305999986
PL,4029,178.25563059999877
PL,4050,598.8176306000005
PL,4051,1494.9056306000002
PL,4052,1413.1556306000002
PL,4053,296.53563060000124
PL,4074,87.87163060000057
PL,4075,888.3156306000001
PL,4076,941.6156305999993
PL,4146,913.0356306000012
PL,4147,1435.703630599999
PL,4148,1238.3856305999998
PL,4149,36.325630599998476
PL,4170,258.87563059999775
PL,4171,1202.355630600001
PL,4172,1123.9856305999983
PL,4173,243.0256305999992
PL,4194,175.91763059999903
PL,4195,1076.4756306
PL,4196,1201.0656306
PL,4197,314.75563059999877
PL,4218,212.3096306000025
PL,4219,1273.9736306000032
PL,4220,1422.7756305999992
PL,4221,451.22563059999993
PL,4243,873.1956306000011
PL,4244,835.1856305999991
PL,4245,81.00563059999877
PL,4315,896.2736306000024
PL,4316,1005.6656305999986
PL,4317,242.15563060000022
PL,4338,20.567630600000484
PL,4339,1101.4516305999987
PL,4340,1178.2656306000008
PL,4341,363.8056306000017
PL,4363,1165.4396305999999
PL,4364,1376.7056305999995
PL,4365,687.2856306000012
PL,4386,172.22363059999952
PL,4387,1434.2596305999996
PL,4388,1566.5556306000017
PL,4389,865.105630600001
PL,4410,97.75763060000281
PL,4411,1157.7996305999968
PL,4412,1422.7056305999995
PL,4413,848.3256305999985
PL,4482,356.34563060000255
PL,4483,1422.373630600001
PL,4484,1560.6556306000002
PL,4485,822.855630600001
PL,4506,748.2556306000024
PL,4507,1710.427630600001
PL,4508,1910.6556306000002
PL,4509,1136.7556305999988
PL,4530,697.5096305999996
PL,4531,1307.5896305999977
PL,4532,1161.3656305999993
PL,4533,215.17563060000066
PL,4555,742.4676306000019
PL,4556,885.7556305999988
PL,4557,248.32563059999848
PL,4579,502.9476306000015
PL,4580,583.6656305999986
PL,4650,144.28963059999842
PL,4651,1021.4916305999996
PL,4652,1067.1556306000002
PL,4653,130.2756305999992
PL,4674,95.42363060000025
PL,4675,1159.899630599999
PL,4676,1242.0356306000012
PL,4677,195.86563059999935
PL,4699,1035.1476306000022
PL,4700,1363.9656306000015
PL,4701,390.53563060000124
PL,4722,233.72963060000075
PL,4723,1218.4896305999991
PL,4724,1546.9256306000007
PL,4725,617.2856306000012
PL,4746,290.787630599998
PL,4747,1212.7996306000005
PL,4748,1457.6756306000007
PL,4749,430.86563059999935
PL,4819,763.5396305999984
PL,4820,1080.6256306000014
PL,4821,95.23563059999833
PL,4842,435.1916306000003
PL,4843,1328.2216305999991
PL,4844,1617.9856305999983
PL,4845,442.22563059999993
PL,4866,895.1536305999998
PL,4867,1878.1436305999978
PL,4868,2195.935630599999
PL,4869,1058.3756306000014
PL,4890,637.0936306000021
PL,4891,1559.5336305999972
PL,4892,1791.5656306
PL,4893,654.8856305999998
PL,4914,609.0736306000017
PL,4915,1423.0136305999968
PL,4916,1549.8356306000005
PL,4917,553.2056305999995
PL,4986,69.58763059999728
PL,4987,870.4356305999991
PL,4988,947.2156306000015
PL,5010,66.51763060000121
PL,5011,1032.953630599999
PL,5012,1187.8756306000014
PL,5034,186.7036305999991
PL,5035,1234.4256306000007
PL,5036,1297.3156306
PL,5059,1140.203630599999
PL,5060,1320.7056305999995
PL,5083,570.8836305999994
PL,5084,682.0356306000012
PL,5154,414.04963060000046
PL,5155,1375.2556305999988
PL,5156,1657.6256306000014
PL,5157,102.18563059999906
PL,5178,754.3416306000017
PL,5179,1751.6356305999998
PL,5180,1936.4256306000007
PL,5181,327.21563060000153
PL,5202,974.5636305999997
PL,5203,2088.855630600001
PL,5204,2210.7256306
PL,5205,574.5356306000012
PL,5226,1212.9776306000003
PL,5227,2109.9556305999995
PL,5228,2176.3256305999985
PL,5229,852.5756305999985
PL,5250,1041.8496305999997
PL,5251,1884.4256306000007
PL,5252,1994.0656306
PL,5253,572.6356305999998
PL,5276,106.16563059999862
PL,5323,251.97563059999993
PL,5324,535.1556306000002
PL,5346,561.7456305999967
PL,5347,1696.5356306000012
PL,5348,1782.4756306
PL,5349,614.6656305999986
PL,5370,1121.8336306
PL,5371,2298.7556305999988
PL,5372,2186.5056305999988
PL,5373,850.6556306000002
PL,5394,831.0636305999997
PL,5395,1821.0756305999985
PL,5396,1883.0856306000005
PL,5397,540.9156305999986
PL,5418,224.9536305999991
PL,5419,1271.435630599999
PL,5420,1124.7156306000015
PL,5490,858.7156305999979
PL,5491,1995.0856306000005
PL,5492,1423.5856306000005
PL,5514,913.6976306000015
PL,5515,2220.6156305999993
PL,5516,1709.7556305999988
PL,5517,6.985630599998331
PL,5538,723.6336305999994
PL,5539,2165.775630599999
PL,5540,1548.0856306000005
PL,5562,770.9736305999995
PL,5563,2148.2156306000015
PL,5564,1406.435630599999
PL,5586,810.7396305999991
PL,5587,2033.4756306
PL,5588,1141.4756306
PL,5658,1532.6656305999986
PL,5659,2869.9856305999983
PL,5660,1834.0356306000012
PL,5661,4.705630599999495
PL,5681,376.4056306000002
PL,5682,1634.6096305999981
PL,5683,2670.605630600001
PL,5684,1446.0856306000005
PL,5706,1589.555630599998
PL,5707,2965.9556305999995
PL,5708,1782.1656305999986
PL,5729,441.97763060000034
PL,5730,2093.4216306
PL,5731,3260.9256306000007
PL,5732,2009.3656305999993
PL,5733,252.91563059999862
PL,5753,201.32363059999807
PL,5754,1863.0496306000005
PL,5755,2945.1556306
PL,5756,1633.4056306000002
PL,5757,92.06563060000008
PL,5779,136.60563060000095
PL,5825,857.037630599998
PL,5826,2529.4116306000014
PL,5827,3872.0756305999985
PL,5828,2509.0056305999988
PL,5829,676.4356305999991
PL,5849,1237.5596306000025
PL,5850,2996.663630599998
PL,5851,4023.185630599999
PL,5852,2352.0356306000012
PL,5853,573.4756305999999
PL,5873,205.5856306000005
PL,5874,2117.5436305999992
PL,5875,3169.3256305999985
PL,5876,1681.7856306000012
PL,5897,663.3156306000001
PL,5898,2211.4056306
PL,5899,3121.855630600001
PL,5900,1537.105630600001
PL,5921,236.1976306000015
PL,5922,2028.193630599997
PL,5923,2760.5356306000012
PL,5924,1243.185630599999
PL,5947,141.06563060000008
PL,5993,136.92363060000025
PL,5994,2066.5936305999985
PL,5995,2739.6256306000014
PL,5996,1349.1156305999993
PL,6017,559.037630599998
PL,6018,2492.4756306
PL,6019,2931.7056305999995
PL,6020,1373.355630600001
PL,6041,637.7836306000008
PL,6042,2602.0756305999985
PL,6043,3075.3056306000017
PL,6044,1499.7256306
PL,6065,513.1836305999987
PL,6066,2510.7056305999995
PL,6067,2942.2156306000015
PL,6068,1400.4256306000007
PL,6089,986.735630600002
PL,6090,2605.3256305999985
PL,6091,2776.2856306000012
PL,6092,1245.1256306000014
PL,6114,22.525630599999204
PL,6115,345.25563059999877
PL,6161,1281.2756305999992
PL,6162,3169.9756306
PL,6163,3204.4156305999986
PL,6164,1533.4856305999983
PL,6184,571.8656305999993
PL,6185,1921.0516306000009
PL,6186,3756.6356306
PL,6187,3778.0356306000012
PL,6188,1895.4256306000007
PL,6189,202.71563060000153
PL,6208,96.54363059999923
PL,6209,1731.1496306000026
PL,6210,3883.6356306
PL,6211,3847.4156305999986
PL,6212,2075.3156306
PL,6213,329.17563060000066
PL,6233,1773.8796305999986
PL,6234,4066.2356305999983
PL,6235,4079.5556306000017
PL,6236,2194.9156305999986
PL,6237,443.1356305999998
PL,6257,1338.703630599999
PL,6258,3346.3756306000014
PL,6259,3092.2056305999995
PL,6260,1386.3656305999993
PL,6282,879.605630600001
PL,6283,761.3856305999998
PL,6329,1454.8896306000006
PL,6330,3536.0356306000012
PL,6331,3177.105630600001
PL,6332,1490.605630600001
PL,6353,3462.981630600001
PL,6354,3809.0756305999985
PL,6355,3328.2056305999995
PL,6356,1614.6756306000007
PL,6366,543.5756305999985
PL,6375,636.3836305999994
PL,6376,771.105630600001
PL,6377,2471.3876306
PL,6378,4281.185630599999
PL,6379,3755.855630600001
PL,6380,1948.4656306000015
PL,6381,197.8756306000014
PL,6390,1846.8256306000021
PL,6401,2228.4156305999986
PL,6402,4059.8656305999993
PL,6403,3557.435630599999
PL,6404,2801.9509546283316
PL,6405,106.41563059999862
PL,6414,713.7276306000003
PL,6424,547.7956305999996
PL,6425,2351.4756306
PL,6426,3836.4156305999986
PL,6427,3165.1756306000007
PL,6428,1535.435630599999
PL,6450,1155.8656305999993
PL,6451,559.7656306000008
PL,6474,85.30563060000168
PL,6497,2164.3216306000013
PL,6498,3842.8856306
PL,6499,3262.4256306000007
PL,6500,1524.6256306000014
PL,6510,785.4376305999995
PL,6521,2749.873630600001
PL,6522,4290.5656306
PL,6523,3675.6656305999986
PL,6524,2001.6656305999986
PL,6525,166.00563059999877
PL,6534,730.4976306000008
PL,6545,2581.6016306
PL,6546,4378.305630600002
PL,6547,3848.0556306000017
PL,6548,2125.525630599999
PL,6549,328.7056305999995
PL,6558,522.4316305999982
PL,6569,2407.965630599998
PL,6570,4209.4756306
PL,6571,3614.0556306000017
PL,6572,1927.355630600001
PL,6573,257.3256305999985
PL,6582,301.2036305999991
PL,6593,2442.8156306
PL,6594,4006.6656305999986
PL,6595,3425.9856305999983
PL,6596,1859.8856305999998
PL,6597,265.10563060000095
PL,6617,236.03163060000043
PL,6618,1351.105630600001
PL,6619,616.1356305999998
PL,6642,294.17563060000066
PL,6654,756.7016305999987
PL,6655,141.22763060000034
PL,6664,183.91163060000144
PL,6665,2740.0636305999997
PL,6666,3906.9056306
PL,6667,3234.6556306
PL,6668,1611.1656305999986
PL,6677,97.67563060000066
PL,6678,1288.6616305999978
PL,6679,1523.6356306000034
PL,6688,1035.2116306000007
PL,6689,3054.6756306000007
PL,6690,3975.6256306000014
PL,6691,3250.685630599999
PL,6692,3340.3856306
PL,6702,990.1836305999987
PL,6712,295.021630600002
PL,6713,3069.3356306000005
PL,6714,4140.505630599999
PL,6715,3429.1156305999993
PL,6716,3548.0856306000005
PL,6717,83.23563059999833
PL,6725,145.80563060000168
PL,6726,1215.8136305999997
PL,6736,100.6616305999978
PL,6737,3375.185630599999
PL,6738,4229.7256306
PL,6739,4574.833795681256
PL,6740,1906.685630599999
PL,6741,342.22563059999993
PL,6749,400.50563059999877
PL,6750,1099.4496305999983
PL,6760,944.6996306000019
PL,6761,3455.7356305999983
PL,6762,4123.025630599999
PL,6763,3390.6556306
PL,6764,1873.2556305999988
PL,6765,359.75563059999877
PL,6785,1038.6256306000014
PL,6786,1568.9156305999986
PL,6787,882.9556305999995
PL,6810,685.3156306000001
PL,6811,187.5856306000005
PL,6821,1487.7795952865943
PL,6822,1754.6096305999981
PL,6823,3375.445630600001
PL,6824,161.07363059999807
PL,6827,228.88800000000265
PL,6829,942.9236306000003
PL,6830,2011.2316306000012
PL,6831,3156.6956305999975
PL,6832,2638.4216306000035
PL,6833,6009.365630599999
PL,6834,6286.105630600001
PL,6835,5588.005630599999
PL,6836,2318.685630599999
PL,6837,2270.4656306000015
PL,6838,971.5856306000005
PL,6844,29.585630600000513
PL,6845,2636.7056305999995
PL,6846,4368.041630599999
PL,6847,2584.3036306000013
PL,6848,2880.4856305999983
PL,6850,215.19963059999827
PL,6851,259.3936305999978
PL,6852,637.7836306000008
PL,6853,1006.2316306000012
PL,6854,2007.0716306000013
PL,6855,3306.8976305999986
PL,6856,4939.359630600002
PL,6857,6413.0756305999985
PL,6858,6754.255630599999
PL,6859,6097.255630599999
PL,6860,2818.8656305999993
PL,6861,2869.1156305999993
PL,6862,1458.7656306000008
PL,6868,336.5156306000008
PL,6869,2567.1356306
PL,6870,4088.345630599999
PL,6871,4041.4596306000003
PL,6872,2497.7196305999987
PL,6873,500.9536306000027
PL,6877,289.63546682185796
PL,6878,1799.3256306000021
PL,6879,1515.3236306000017
PL,6880,4829.043630599999
PL,6881,6290.9056306
PL,6882,6594.2256306
PL,6883,5862.3856306
PL,6884,2682.1756306000007
PL,6885,2757.1556306
PL,6886,1259.185630599999
PL,6887,243.22563059999993
PL,6893,2463.4756306
PL,6894,4054.2096306000003
PL,6895,4031.003630600002
PL,6896,3024.1196306
PL,6897,1972.9596306000003
PL,6898,1903.9956306000004
PL,6899,250.2516306000016
PL,6900,2238.4396306
PL,6901,2649.1736306000003
PL,6902,3302.5456305999996
PL,6903,4041.731630600001
PL,6904,4992.699630599998
PL,6905,6130.985630599998
PL,6906,4587.9656306000015
PL,6907,5611.305630600002
PL,6908,2350.0056305999988
PL,6909,2326.775630599999
PL,6916,245.7756305999992
PL,6917,2634.765630600001
PL,6918,4241.4656306000015
PL,6919,4578.5996306
PL,6920,3610.865630600003
PL,6921,1859.6936306000007
PL,6926,762.2196305999987
PL,6927,2414.8176306000005
PL,6928,4504.8136306
PL,6929,6021.915630599999
PL,6930,4511.685630599999
PL,6931,5492.115630599999
PL,6932,3974.6656305999986
PL,6933,689.4756305999999
PL,6935,171.82563059999848
PL,6942,745.7156306000015
PL,6943,1382.7996306000005
PL,6952,2598.9256306000007
PL,6953,2069.6156305999993
PL,6954,2112.2856306000012
PL,6955,1401.1256306000014
PL,6956,210.75563059999877
PL,6977,567.8356306000005
PL,6978,968.5556306000017
PL,6979,430.1556306000002
PL,6989,1953.3356306000005
PL,6990,2252.483630599998
PL,6991,4252.911630600001
PL,6992,1339.5136306000004
PL,6999,2606.007630599999
PL,7000,4806.6896306
PL,7001,4660.855630600001
PL,7002,6641.6556306
PL,7003,5761.2056305999995
PL,7004,3062.5836852352477
PL,7005,2679.0756305999985
PL,7012,270.3856305999998
PL,7013,2818.8156306
PL,7014,4460.9756306
PL,7015,4895.591630599998
PL,7016,4329.9756306
PL,7017,3232.2716305999984
PL,7018,998.1016306000001
PL,7019,2467.877630599998
PL,7020,2648.453630599999
PL,7021,2852.8696306
PL,7022,3596.5116306
PL,7023,4503.9596306
PL,7024,5555.769630599998
PL,7025,4922.775630599999
PL,7026,6805.485630599998
PL,7027,6476.2119999999995
PL,7028,4396.605630600001
PL,7029,2845.1256306000014
PL,7031,337.97563059999993
PL,7036,442.5856306000005
PL,7037,2930.1656305999986
PL,7038,4696.785630600001
PL,7039,5239.839630600001
PL,7040,2963.3936306000014
PL,7041,3458.2196305999987
PL,7042,1559.6836305999987
PL,7043,160.2836305999972
PL,7044,237.30163060000086
PL,7045,858.0116306
PL,7046,2197.7356305999983
PL,7047,3775.355630600001
PL,7048,5371.443630600001
PL,7049,6549.025630599999
PL,7050,6709.105630600001
PL,7051,6045.115630599999
PL,7052,2631.9856305999983
PL,7053,2672.7556305999988
PL,7054,1261.3256305999985
PL,7055,281.5756305999985
PL,7059,161.73199999999997
PL,7060,459.00563059999877
PL,7061,3022.6356306
PL,7062,4653.6556306
PL,7063,5048.987630599999
PL,7064,3868.7176305999983
PL,7065,15.52963059999638
PL,7070,988.5976305999993
PL,7071,3097.4916305999996
PL,7072,5045.9396306
PL,7073,6517.4056306
PL,7074,6665.935630599999
PL,7075,5897.935630599999
PL,7076,2606.3856306
PL,7077,2657.2156306000015
PL,7078,1268.1156305999993
PL,7079,233.18563059999906
PL,7084,97.56563060000008
PL,7085,2710.1156305999993
PL,7086,4410.305630600002
PL,7087,4309.267630600001
PL,7088,1216.0816305999997
PL,7089,1000.8696306000002
PL,7093,223.13400000000183
PL,7094,905.881630599999
PL,7095,2477.9756306
PL,7096,3088.129630600002
PL,7097,6325.5856306000005
PL,7098,4612.685630599999
PL,7099,4338.0819999999985
PL,7100,4192.925630600001
PL,7101,2689.0556306000017
PL,7103,186.0856306000005
PL,7109,267.10563060000095
PL,7110,1030.5156306000008
PL,7120,422.44763059999786
PL,7121,2329.4256306000007
PL,7122,2219.7856306000012
PL,7123,1379.3856305999998
PL,7124,122.80563060000168
PL,7145,695.5056305999988
PL,7146,825.5156306000008
PL,7147,797.0556306000017
PL,7148,130.4556305999995
PL,7158,2108.862000000001
PL,7159,3440.489630599999
PL,7160,1466.1056305999973
PL,7168,4956.273630599999
PL,7169,5161.615630599999
PL,7170,5030.735630599998
PL,7171,6481.4656306000015
PL,7172,5771.235630599998
PL,7173,2470.8056306000017
PL,7174,2505.3656305999993
PL,7175,1151.0356306000012
PL,7176,224.82563059999848
PL,7182,751.4756305999999
PL,7183,3453.9336306000023
PL,7184,1891.8416306000017
PL,7192,3435.675630599997
PL,7193,7031.605630600001
PL,7194,6826.7056305999995
PL,7195,4952.1356306
PL,7196,5875.1556306
PL,7197,4280.035630600001
PL,7198,881.9656306000015
PL,7200,275.5756305999985
PL,7206,2623.5556306000017
PL,7207,3654.594000000001
PL,7208,1517.3016306000009
PL,7215,258.2336305999979
PL,7216,5289.607630600001
PL,7217,6952.535630600001
PL,7218,6611.8356306000005
PL,7219,4735.5756305999985
PL,7220,5698.915630599999
PL,7221,4121.9756306
PL,7222,2404.5656306
PL,7224,147.55563060000168
PL,7228,163.84200000000055
PL,7229,569.4856305999983
PL,7230,2696.0856306000005
PL,7231,3706.265630600001
PL,7232,704.0616305999993
PL,7239,3369.2616306
PL,7240,6080.141630600001
PL,7241,7120.5656306
PL,7242,5175.525630599999
PL,7243,6597.005630599999
PL,7244,5904.375630600001
PL,7245,4329.8256305999985
PL,7246,2638.4056306
PL,7254,2573.0756305999985
PL,7255,3617.4176306000027
PL,7256,2736.6916306000003
PL,7257,313.689721536873
PL,7263,616.0056305999988
PL,7264,5725.9596306
PL,7265,5278.4656306000015
PL,7266,6690.4656306000015
PL,7267,4650.735630599998
PL,7268,3763.0356306000012
PL,7269,2131.8356306000005
PL,7270,534.8156306000001
PL,7288,484.2716305999984
PL,7289,1942.8756306000014
PL,7290,1846.1656305999986
PL,7291,1823.2720000000008
PL,7292,743.7256305999999
PL,7336,5015.0816306
PL,7337,4624.275630599999
PL,7338,6087.025630599999
PL,7339,4279.5856306000005
PL,7340,5352.605630600001
PL,7341,2160.5756305999985
PL,7342,2219.5556306000017
PL,7350,2676.2556305999988
PL,7351,1806.7816306000004
PL,7359,1420.6436305999978
PL,7360,5863.9056306
PL,7361,5396.4756306
PL,7362,6855.515630600001
PL,7363,6644.9056306
PL,7364,4171.415630599999
PL,7365,4378.5756305999985
PL,7366,2678.7356305999983
PL,7368,308.50563059999877
PL,7374,2743.605630600001
PL,7375,3964.2416305999996
PL,7376,2488.5316306000004
PL,7383,443.2156305999979
PL,7384,6413.659630599997
PL,7385,7396.925630600001
PL,7386,7092.5656306
PL,7387,5141.925630600001
PL,7388,6075.785630600001
PL,7389,4482.115630599999
PL,7390,2814.1656305999986
PL,7397,629.8756306000014
PL,7398,2828.355630600001
PL,7399,4761.75
PL,7400,4161.967630599998
PL,7401,2948.8216306000013
PL,7402,1749.9316305999982
PL,7404,1351.2576305999992
PL,7405,2249.557630600002
PL,7406,3171.2936305999992
PL,7407,4816.871630600001
PL,7408,6708.8136306
PL,7409,7358.2256306
PL,7410,7043.255630599999
PL,7411,5159.535630600001
PL,7412,6029.665630599999
PL,7413,3539.4096230148725
PL,7414,2887.4556305999995
PL,7416,442.86563059999935
PL,7421,681.0256305999992
PL,7422,2931.265630600001
PL,7423,4502.095630599999
PL,7424,4150.469630599999
PL,7425,771.9976305999971
PL,7426,376.5676306000005
PL,7430,2935.399630599999
PL,7431,4864.4236306
PL,7432,6784.015630600001
PL,7433,7273.675630600001
PL,7434,6828.7056305999995
PL,7435,6484.355630600001
PL,7436,4016.5556306000017
PL,7437,4093.185630599999
PL,7438,2610.0856306000005
PL,7439,1395.1756306000007
PL,7440,383.6656305999986
PL,7446,169.48563059999833
PL,7447,1018.7256305999999
PL,7448,2143.9739999999983
PL,7449,249.5336305999972
PL,7450,1740.0516306000009
PL,7451,1468.0836306
PL,7452,1156.3356306000005
PL,7453,1099.0956306000026
PL,7454,1105.4216305999998
PL,7455,2376.4396306
PL,7456,2485.765630600001
PL,7457,4607.865630599999
PL,7458,2533.015630600001
PL,7459,2083.0056305999988
PL,7460,1303.0756305999985
PL,7461,137.1256306000014
PL,7481,2336.3056306000017
PL,7482,625.0256305999992
PL,7483,702.0056305999988
PL,7484,94.2756305999992
PL,7486,210.06563060000008
PL,7494,1670.9056306000002
PL,7495,2078.983630599998
PL,7496,4655.2796306
PL,7497,4534.827630599999
PL,7498,1999.5236306000024
PL,7499,3174.1196306
PL,7500,2928.6196306
PL,7501,3265.3896306000006
PL,7502,2443.7536305999984
PL,7503,5231.039630600002
PL,7504,6522.235630599998
PL,7505,6865.9756306
PL,7506,4707.2156306000015
PL,7507,6249.805630600002
PL,7508,5448.865630599999
PL,7509,3797.4556305999995
PL,7510,461.93563059999906
PL,7511,893.1556306000002
PL,7512,246.6219999999994
PL,7518,2752.4919999999984
PL,7519,4012.0436305999992
PL,7520,2930.0276305999996
PL,7521,4520.127630600002
PL,7522,3917.775630599999
PL,7523,2215.5616305999993
PL,7524,2195.595630599999
PL,7525,4165.361630600002
PL,7526,4370.985630599998
PL,7527,4981.543630599999
PL,7528,4345.555630600002
PL,7529,6394.535630600001
PL,7530,5894.255630599999
PL,7531,3881.4556305999995
PL,7532,4863.685630599999
PL,7533,1632.3356306000005
PL,7534,60.08563060000051
PL,7551,20.98735365903417
PL,7552,58.60563060000095
PL,7553,697.5894206678738
PL,7554,413.8856305999998
PL,7555,1991.3356306000005
PL,7566,1235.0459892347785
PL,7567,1363.6036306000005
PL,7568,3423.4756306
PL,7569,2583.345630599999
PL,7570,125.71363059999749
PL,7572,1758.985630600002
PL,7573,2262.7056305999995
PL,7574,3079.721630599999
PL,7575,4971.450000000001
PL,7576,4411.015630600001
PL,7577,6490.125630600001
PL,7578,6060.165630599999
PL,7579,5812.105630600001
PL,7580,3347.265630600001
PL,7581,3664.6356306
PL,7582,1983.2356305999983
PL,7590,2289.1156305999993
PL,7591,3712.7816306000004
PL,7592,4215.0476306
PL,7593,1992.9656306000015
PL,7594,2765.497630600001
PL,7595,2624.775630600003
PL,7596,2584.195630600001
PL,7597,1241.7996306000005
PL,7598,3543.345630599999
PL,7599,4738.803630600001
PL,7600,6507.6556306
PL,7601,4999.3256305999985
PL,7602,6152.175630600001
PL,7603,5829.986585061018
PL,7604,3415.3756306000014
PL,7605,3616.2256306
PL,7606,446.7756305999992
PL,7608,250.64199999999983
PL,7616,411.48199999999997
PL,7623,232.30163060000086
PL,7624,2255.355630600001
PL,7625,2366.775630599999
PL,7626,1958.6556306000002
PL,7627,3761.022000000001
PL,7628,1091.4556305999995
PL,7629,1560.3356306000005
PL,7648,536.3656305999993
PL,7649,2677.8756306000014
PL,7650,864.6156305999993
PL,7651,2640.2256306
PL,7652,314.98563059999833
PL,7653,1130.7556305999988
PL,7662,1999.4756306
PL,7663,2188.891630600001
PL,7664,4256.143630600001
PL,7665,3485.6556306
PL,7666,2561.5636306000033
PL,7667,743.7576305999992
PL,7668,2460.945630600001
PL,7669,3174.273630599999
PL,7670,4069.1756306000007
PL,7671,3692.0056305999988
PL,7672,5122.4556305999995
PL,7673,6934.8256305999985
PL,7674,6479.6556306
PL,7675,6230.8356306000005
PL,7676,5531.555630600002
PL,7677,2287.9856305999983
PL,7678,2350.9656306000015
PL,7679,1067.6256306000014
PL,7680,74.88563059999979
PL,7685,269.0256305999992
PL,7686,2665.2556305999988
PL,7687,4502.162
PL,7688,4746.633630599999
PL,7689,4650.997630599997
PL,7690,4267.185630599999
PL,7691,2674.7156306000015
PL,7692,4540.9216306
PL,7693,4885.629630600002
PL,7694,5002.943630599997
PL,7695,5775.933630600002
PL,7696,6865.3856306
PL,7697,5141.865630599999
PL,7698,6397.985630599998
PL,7699,6207.775630599999
PL,7700,5549.765630600001
PL,7701,2313.0856306000005
PL,7702,2530.275630599999
PL,7703,1192.8156306
PL,7704,71.11563059999935
PL,7709,105.15563060000022
PL,7710,2557.855630600001
PL,7711,4001.4996305999975
PL,7712,3862.917630599999
PL,7713,3081.4176306000027
PL,7714,2634.0296306
PL,7715,1334.7656306000008
PL,7716,3075.2336306000016
PL,7717,3555.747630599997
PL,7718,4035.7096306000003
PL,7719,5452.486000000001
PL,7720,6495.015630600001
PL,7721,4939.0856306000005
PL,7722,6273.365630599999
PL,7723,6083.5756305999985
PL,7724,5641.685630599999
PL,7725,2478.1756306000007
PL,7726,2385.6156305999993
PL,7727,1110.9256306000007
PL,7733,120.10563060000095
PL,7734,2548.4056306
PL,7735,4063.7116306000007
PL,7736,4306.4396306
PL,7737,1865.965630599998
PL,7738,1942.8516306000038
PL,7740,651.8056306000017
PL,7741,1801.4156305999986
PL,7742,3083.519630599998
PL,7743,5007.575630600002
PL,7744,6759.255630599999
PL,7745,6753.515630600001
PL,7746,6330.805630600002
PL,7747,4531.875630600001
PL,7748,5659.8256305999985
PL,7749,4124.2056305999995
PL,7750,2856.6820000000007
PL,7752,161.73563059999833
PL,7757,638.7619999999988
PL,7758,2640.9156305999986
PL,7759,4226.8856306
PL,7760,4715.961630599997
PL,7761,4299.107630599998
PL,7762,2884.467630600002
PL,7764,937.7596305999996
PL,7765,2323.287630599998
PL,7766,4121.855630600001
PL,7767,5645.609630599998
PL,7768,6893.785630600001
PL,7769,6963.5856306000005
PL,7770,6481.3856306
PL,7771,4591.235630599998
PL,7772,5555.255630599999
PL,7773,3197.501688997366
PL,7774,2582.7856306000012
PL,7776,186.07563059999848
PL,7782,245.5156306000008
PL,7783,1025.4556305999995
PL,7784,273.9056305999966
PL,7785,2141.7536305999984
PL,7787,615.6176305999998
PL,7788,135.82363059999807
PL,7789,872.0316306000004
PL,7790,1735.4976306000008
PL,7791,3208.9956306000004
PL,7792,3333.441999999999
PL,7793,4564.275630599999
PL,7794,4157.3356306000005
PL,7795,2000.6556306000002
PL,7796,3074.605630600001
PL,7797,185.07563059999848
PL,7816,2329.435630599999
PL,7817,988.5056305999988
PL,7818,2685.4556305999995
PL,7819,982.605630600001
PL,7820,483.18563059999906
PL,7830,2530.105630600001
PL,7831,4346.393630599998
PL,7832,2724.3096306000025
PL,7833,2656.953630599999
PL,7838,3314.4036306
PL,7839,5993.523630599999
PL,7840,7547.625630600001
PL,7841,7563.2056305999995
FR,7842,4182.242646699997
PL,7842,5465.505630599999
FR,7843,4343.820646700005
PL,7843,7339.562000000002
FR,7844,133.3086467000012
PL,7844,6316.8856306
PL,7845,4753.165630599999
PL,7846,3129.9556305999995
PL,7847,18.065630600000077
PL,7848,672.1256306000014
PL,7849,428.91200000000026
PL,7853,826.2256305999999
PL,7854,3359.775630599999
FR,7855,1196.887646699999
PL,7855,3195.471630599999
PL,7856,4413.0096306
PL,7857,1516.8176306000005
PL,7862,1859.7576305999992
PL,7863,5351.4296306000015
PL,7864,7553.915630599999
FR,7865,1283.2526467000043
PL,7865,5999.035630600001
FR,7866,4234.578646700007
PL,7866,5553.7256306
FR,7867,3609.0026467000043
PL,7867,7050.735630599998
PL,7868,6380.525630599999
PL,7869,4741.8856306
PL,7870,1417.605630600001
PL,7871,1810.6156305999993
PL,7872,904.1656305999986
PL,7873,244.81563060000008
PL,7876,188.38563059999979
PL,7878,3930.5420000000013
PL,7879,4933.2596306
PL,7880,3415.203630599999
PL,7885,877.8576305999977
PL,7886,2865.9676305999983
PL,7887,6177.935630600003
PL,7888,7897.555630600002
PL,7889,7835.375630600001
PL,7890,7274.625630600001
PL,7891,7088.515630600001
PL,7892,4753.025630599999
PL,7893,5013.605630600001
PL,7894,3350.1156305999993
PL,7895,2088.9556305999995
PL,7897,677.9619999999995
PL,7900,301.22563059999993
PL,7901,1102.8156306
PL,7902,3745.275630599999
PL,7903,5436.0936305999985
PL,7904,5532.9236306
PL,7905,4443.053630600001
PL,7906,2746.3256305999985
PL,7907,1947.6796306000015
PL,7908,2424.1020000000026
PL,7909,1707.3656305999993
PL,7910,4844.765630600001
PL,7911,6805.985630599998
PL,7912,7897.015630600001
PL,7913,7812.985630599998
FR,7914,2861.199663571508
PL,7914,7391.105630600001
FR,7915,2192.454563571504
PL,7915,7177.5756305999985
PL,7916,4842.775630599999
PL,7917,4963.9556305999995
PL,7918,3334.8856306
PL,7919,1902.6656305999986
PL,7923,388.77200000000084
PL,7924,266.85563060000095
PL,7925,1142.0356306000012
PL,7926,3611.4756306
PL,7927,5207.589630599998
PL,7928,3063.1076305999977
PL,7929,2914.4276305999974
PL,7932,76.92363060000025
PL,7933,1227.0836306
PL,7934,3371.0976305999993
PL,7935,6455.381630599999
PL,7936,8023.255630599999
PL,7937,8358.331999999999
PL,7938,7344.0756305999985
PL,7939,7181.685630599999
PL,7940,4624.305630600002
PL,7941,4779.6356306
PL,7942,3241.8656305999993
PL,7943,335.8856305999998
PL,7950,966.9256306000007
PL,7951,1809.4256306000007
PL,7952,370.2696306000016
PL,7957,199.0328533144164
PL,7958,1835.1436305999978
PL,7959,3935.5976305999993
PL,7960,3497.0756305999985
PL,7961,5046.515630600001
PL,7962,4559.9056306
PL,7963,2400.015630600001
PL,7964,1637.6656305999986
PL,7965,440.85563060000095
PL,7966,1165.3756306000014
PL,7982,2.538414673052017
PL,7984,2812.8256305999985
PL,7985,1345.3356306000005
PL,7986,1718.8820000000014
PL,7987,1297.5256305999992
PL,7988,2395.4156305999986
PL,7998,2350.9256306000007
PL,7999,4315.3156306
PL,8000,2800.2896305999984
PL,8001,3109.533630600001
PL,8002,1694.0676306000005
PL,8004,1653.105630600001
PL,8005,2714.199630600002
PL,8006,4045.1936306000007
PL,8007,5773.0116306
PL,8008,7053.5656306
PL,8009,7122.5856306000005
PL,8010,5069.8356306000005
PL,8011,6577.755630599999
PL,8012,5848.4056306
PL,8013,2591.8256305999985
PL,8014,2793.525630599999
PL,8015,1513.2856306000012
PL,8016,472.73563059999833
PL,8020,264.77200000000084
PL,8022,3492.6219999999994
PL,8023,4719.375630600001
PL,8024,5179.411630600001
PL,8025,4956.251630600002
PL,8026,4198.3856306
PL,8027,3796.8316305999997
PL,8028,1873.9256306000007
PL,8029,4133.409630600001
PL,8030,4917.379630600002
PL,8031,6248.005630599999
PL,8032,7372.265630600001
PL,8033,7422.115630599999
PL,8034,7058.3856306
PL,8035,5098.505630599999
PL,8036,6000.4056306
PL,8037,4495.425630600001
PL,8038,2882.7856306000012
PL,8040,559.9756305999999
PL,8043,85.36199999999917
PL,8046,3449.6356306
PL,8047,5359.1556306
PL,8048,6436.415999999997
PL,8049,5905.6976306000015
PL,8050,5354.3436305999985
PL,8051,5279.6736306
PL,8052,5131.1916306
PL,8053,3856.6696305999994
PL,8054,5976.889630600001
PL,8055,6830.2096306
PL,8056,7794.765630600001
PL,8057,7601.9056306
PL,8058,7224.8856306
PL,8059,6991.025630599999
PL,8060,4595.305630600002
PL,8061,4727.985630599998
PL,8062,3106.105630600001
PL,8063,1733.5856306000005
PL,8064,576.0856306000005
PL,8068,325.3220000000001
PL,8070,3336.265630600001
PL,8071,5012.9656306000015
PL,8072,5555.5456306
PL,8073,5625.5380000000005
PL,8074,4299.7256306
PL,8075,3852.9336305999987
PL,8076,3440.6656305999986
PL,8077,2084.5296306
PL,8078,4566.471630599999
PL,8079,6402.961630600001
PL,8080,7662.6356306
PL,8081,7564.005630599999
PL,8082,7152.7056305999995
PL,8083,7064.785630600001
PL,8084,4688.2256306
PL,8085,4847.665630599999
PL,8086,3180.1156305999993
PL,8087,1781.4156305999986
PL,8093,976.1919999999991
PL,8094,3088.4856305999983
PL,8095,4744.875630600001
PL,8096,4879.461630599997
PL,8097,4368.482
PL,8098,2658.327630599999
PL,8099,1962.3876306000002
PL,8100,358.5076305999992
PL,8101,2958.8176306000005
PL,8102,3867.1336305999994
PL,8103,5509.525630599999
PL,8104,6759.4656306000015
PL,8105,4974.015630600001
PL,8106,6103.675630600001
PL,8107,5993.015630600001
PL,8108,3523.0556306000017
PL,8109,2207.7856306000012
PL,8110,2412.855630600001
PL,8112,534.862000000001
PL,8118,260.0656306000001
PL,8120,2008.9456305999975
PL,8126,232.31563060000371
PL,8127,2806.843630600002
PL,8128,2562.7256306
PL,8129,2389.1256306000014
PL,8130,2094.7056305999995
PL,8131,1858.1656305999986
PL,8132,1723.6719999999987
PL,8133,178.0856306000005
PL,8152,1579.0591370761067
PL,8153,733.7556305999988
PL,8154,708.4056306000002
PL,8155,778.2156306000015
PL,8156,2143.1656305999986
PL,8158,133.78563060000124
PL,8166,2455.1756306000007
PL,8167,2752.7856306000012
PL,8168,4838.863630599999
PL,8169,3803.199630600002
PL,8170,412.04963060000046
PL,8172,1368.0696305999973
PL,8173,2511.593630600002
PL,8174,4136.747630600001
PL,8175,6204.919630599999
PL,8176,7365.305630600002
PL,8177,7330.515630600001
PL,8178,5276.175630600001
PL,8179,7252.3319999999985
PL,8180,6110.105630600001
PL,8181,2871.5756305999985
PL,8182,2929.7056305999995
PL,8183,1554.6256306000014
PL,8184,450.6356305999998
PL,8190,3278.3656305999993
PL,8191,5029.435630599999
PL,8192,5430.021630599998
PL,8193,4801.015630600001
PL,8194,3668.525630599999
PL,8195,3007.4236306000003
PL,8196,1266.9756306
PL,8197,3651.989630599999
PL,8198,4770.077630599999
PL,8199,6406.145630599998
PL,8200,7515.425630600001
PL,8201,7450.425630600001
PL,8202,5308.535630600001
PL,8203,6904.755630599999
PL,8204,6160.1356306
PL,8205,4958.191999999999
PL,8206,2880.8356306000005
PL,8208,465.35563060000095
PL,8214,3557.185630599999
PL,8215,5355.4056306
PL,8216,5961.879630599999
PL,8217,5794.647630599999
PL,8218,5352.899630600003
PL,8219,5473.095630600003
PL,8220,5790.3156306
PL,8221,4714.0496306000005
PL,8222,6690.407630600001
PL,8223,7092.625630600001
PL,8224,7813.8856306
PL,8225,7623.785630600001
PL,8226,7186.2156306000015
PL,8227,7026.7156306000015
PL,8228,4670.6556306
PL,8229,4719.2256306
PL,8230,3499.4219999999987
PL,8232,541.6756306000007
PL,8238,3450.0056305999988
PL,8239,5265.875630600001
FR,8240,424.02264669999386
PL,8240,5604.285630599998
PL,8241,5041.681630599998
PL,8242,3337.2936305999992
PL,8244,106.95363060000273
PL,8246,2806.489630600003
PL,8247,6081.183630600002
PL,8248,7506.3156306
PL,8249,7470.7156306000015
FR,8250,2836.7486467000035
PL,8250,7028.285630600001
FR,8251,2842.756646700005
PL,8251,6895.485630599998
PL,8252,4497.765630600001
PL,8253,4813.015630600001
PL,8254,3154.3156306
PL,8255,2229.6219999999994
PL,8257,207.4556305999995
PL,8258,315.8820000000014
PL,8260,109.17563060000066
PL,8261,726.1556306000002
PL,8262,3407.0556306000017
PL,8263,5195.485630599998
PL,8264,3496.7596305999996
PL,8265,3141.9396306
PL,8266,1030.735630600002
PL,8268,1283.3416306000017
PL,8269,2796.2436306
PL,8270,4547.2096306
PL,8271,6463.5476306
PL,8272,7434.105630600001
PL,8273,7241.015630600001
PL,8274,6812.935630599999
PL,8275,4880.8256305999985
PL,8276,5814.1356306
PL,8277,4341.665630599999
PL,8278,2715.6656305999986
PL,8280,381.73563059999833
PL,8286,647.1356305999998
PL,8287,1580.185630599999
PL,8288,2384.6896306
PL,8289,2847.196
PL,8290,1960.7056306000031
PL,8292,1056.2536305999984
PL,8293,1533.2256306
PL,8294,2232.221630599999
PL,8295,3738.215630599998
PL,8296,4913.665630599999
PL,8297,3115.8756306000014
PL,8298,2722.5756305999985
PL,8299,4144.525630599999
PL,8300,1896.1256306000014
PL,8301,723.855630600001
PL,8302,1202.355630600001
PL,8303,107.7056305999995
PL,8315,952.9919999999984
PL,8317,708.4916305999996
PL,8318,907.8096306000025
PL,8319,1468.6436305999978
PL,8320,800.1256306000014
PL,8321,2747.4556305999995
PL,8322,1158.2356305999983
PL,8323,2972.9156305999986
PL,8324,781.8756306000014
PL,8325,1541.3856305999998
PL,8334,2860.9556305999995
PL,8335,5046.4756306
PL,8336,4102.579999999998
PL,8337,3944.889630599997
PL,8339,1016.4776306000003
PL,8340,1361.9316306000019
PL,8341,3023.899630599999
PL,8342,4977.755630599999
PL,8343,6748.419630599999
PL,8344,7910.375630600001
PL,8345,7782.185630599999
PL,8346,5683.4556305999995
PL,8347,7213.515630600001
PL,8348,6480.7156306000015
PL,8349,4905.805630600002
PL,8350,1577.7156306000015
PL,8351,1811.2356305999983
PL,8358,3656.1156305999993
PL,8359,5781.665630599999
PL,8360,6294.209630599997
PL,8361,6411.522000000001
PL,8362,5281.901630600003
PL,8363,4992.557630599998
PL,8364,3307.807630600002
PL,8365,5709.451630599999
PL,8366,6416.149630599999
PL,8367,7350.7056305999995
PL,8368,8137.8156306
PL,8369,7903.375630600001
PL,8370,7476.2156306000015
PL,8371,5597.735630599998
PL,8372,6607.555630600002
PL,8373,5070.615630599999
PL,8374,3325.8156306
PL,8375,1937.3056306000017
PL,8380,195.90563060000022
PL,8381,973.3756306000014
PL,8382,3657.3256305999985
PL,8383,5693.555630600002
PL,8384,5901.753630599998
PL,8385,4713.067999999999
PL,8386,2138.1516305999994
PL,8388,1571.6556306000002
PL,8389,3184.8156306
PL,8390,5075.9216306
PL,8391,7113.9596306
PL,8392,7942.025630599999
PL,8393,7792.8856306
PL,8394,7361.7256306
PL,8395,7261.2256306
PL,8396,4800.915630599999
PL,8397,4996.665630599999
PL,8398,1654.8656305999993
PL,8399,1849.185630599999
PL,8401,459.6919999999991
PL,8405,830.7156306000015
PL,8406,3474.2056305999995
PL,8407,5463.625630600001
PL,8408,5797.839630600001
PL,8409,5673.147999999997
PL,8410,4594.427630600001
PL,8411,4668.9216306
PL,8412,5005.6196306
PL,8413,4080.3856306
PL,8414,6270.123630600001
PL,8415,6875.5756305999985
PL,8416,7732.865630599999
PL,8417,7440.0856306000005
PL,8418,6950.5656306
PL,8419,5107.2256306
PL,8420,6195.175630600001
PL,8421,4794.7256306
PL,8422,3027.185630599999
PL,8423,1638.5756305999985
PL,8429,336.81891493770934
PL,8430,3051.4056306
PL,8431,5009.125630600001
PL,8432,5470.2096306
PL,8433,5361.659630600001
PL,8434,4886.9576306
PL,8435,3471.3640000000014
PL,8436,4896.769630600002
PL,8437,5208.0836306
PL,8438,5360.019630600002
PL,8439,6048.015630600001
PL,8440,5321.785630600001
PL,8441,6909.1356306
PL,8442,6419.375630600001
PL,8443,6222.5856306000005
PL,8444,3835.1156305999993
PL,8445,2430.3656305999993
PL,8446,2584.4656306000015
PL,8447,1225.3856305999998
PL,8448,110.16563059999862
PL,8454,565.2819999999992
PL,8455,1185.4156305999986
PL,8456,1938.177630600001
PL,8457,2339.8876306
PL,8458,400.53963060000206
PL,8459,1384.5856306000005
PL,8460,738.3936306000014
PL,8461,1178.6016306000001
PL,8462,145.10963060000176
PL,8463,1501.6096305999981
PL,8464,4656.985630599998
PL,8465,4573.015630600001
PL,8466,3007.5319999999992
PL,8467,2390.775630599999
PL,8468,1681.4656306000015
PL,8469,470.3256305999985
PL,8488,2411.2356305999983
PL,8489,938.8656305999993
PL,8490,909.1156305999993
PL,8491,1002.1156305999993
PL,8492,2300.7156306000015
PL,8502,1848.0056305999988
PL,8503,2361.1256306000014
PL,8504,4320.4636305999975
PL,8505,3180.8356306000005
PL,8506,579.1976306000015
PL,8507,2293.623630600001
PL,8508,1181.1836305999987
PL,8509,2294.2596305999996
PL,8510,4703.787630600002
PL,8511,5739.983630599998
PL,8512,6651.285630600001
PL,8513,4870.5856306000005
PL,8514,6639.281999999999
PL,8515,6142.175630600001
PL,8516,3726.8656305999993
PL,8517,4008.765630600001
PL,8518,2251.8856306
PL,8526,1830.6756306000007
PL,8527,3721.7856306000012
PL,8528,2064.551630600001
PL,8529,2402.3696306
PL,8530,1185.5776305999989
PL,8532,356.5816305999997
PL,8533,3351.355630600001
PL,8534,4400.8336306
PL,8535,5676.143630599998
PL,8536,5135.8856306
PL,8537,6906.435630599999
PL,8538,6477.5756305999985
PL,8539,4645.5856306000005
PL,8540,5921.972000000002
PL,8541,4023.5856306000005
PL,8542,698.4756305999999
PL,8543,1171.9320000000007
PL,8551,1241.685630599999
PL,8552,2946.8296305999993
PL,8558,2495.5916306000017
PL,8559,3094.633630600003
PL,8560,6284.3856306
PL,8561,4771.5856306000005
PL,8562,4823.33821735577
PL,8563,4213.505630599999
PL,8564,3501.3056306000017
PL,8565,2104.2256306
PL,8566,373.6356305999998
PL,8584,316.75563059999877
PL,8672,1982.5156305999972
PL,8673,309.0876306000009
PL,8674,1682.6599999999999
PL,8676,846.4436306000007
PL,8678,909.909630600001
PL,8679,3783.5096305999996
PL,8680,3587.8820000000014
PL,8681,5015.5856306000005
PL,8682,2976.1156305999993
PL,8683,2672.2256306
PL,8684,2060.3056306000017
PL,8685,2493.2356305999983
PL,8695,1791.9556305999995
PL,8703,2119.6016306
PL,8704,3586.525630599999
PL,8705,5369.105630600001
PL,8706,3319.3056306000017
PL,8707,3163.515630600001
PL,8708,2495.9656306000015
PL,8709,1212.435630599999
PL,8719,318.1356305999998
PL,8727,1848.5856305999969
PL,8728,5184.58948364964
PL,8729,4029.2056305999995
PL,8730,3640.3756306000014
PL,8731,3427.6556306
PL,8732,2810.7056305999995
PL,8733,1609.1256306000014
PL,8734,224.5856306000005
PL,8735,111.25356995444048
PL,8751,188.23400000000038
PL,8752,2094.522000000001
PL,8753,1906.9256306000007
PL,8754,1389.5356306000012
PL,8755,470.5256305999992
